name,age,email,phone
Jeannie Russel,71,Megane.Hansen@gmail.com,331-837-5148 x694
Diana Nader,87,Paige_Monahan@gmail.com,1-496-524-2982
Molly Weimann,23,Weston88@yahoo.com,(322) 276-5546 x66837
Ms. Byron Hammes,77,Dannie.Kreiger75@gmail.com,1-437-424-5171 x760
Laurence Welch,18,Gloria15@gmail.com,337-755-8957 x4903
Claire Beahan Sr.,90,Kurt_Wyman@yahoo.com,282.226.2251 x4845
Chelsea Beatty,54,Lou_Jenkins99@yahoo.com,(219) 925-1290 x709
Perry Stehr DDS,71,Cordie50@gmail.com,267.402.4943
Katie Jacobs Jr.,82,Marquis.Schumm@gmail.com,(508) 210-5937 x20062
Tamara Willms,57,Nolan_Bosco8@gmail.com,1-876-823-8778 x61569
